climat,45
chang,25
normal,23
crisi,14
go,13
natur,13
back,12
alreadi,12
inequ,12
destruct,11
notic,11
privileg,11
soop,11
ed,11
mitzijonell,11
nakabuyehildaf,11
licypriyak,11
nickibeckerok,11
morehttpstcoarddyihyt,11
new,8
time,8
need,8
global,7
know,7
human,7
carbon,6
get,5
one,5
nytim,5
atmospher,5
understand,5
answer,5
co,5
old,5
help,4
climatecrisi,4
gretathunberg,4
letter,4
work,4
climatechang,4
clickbait,4
titl,4
ask,4
overreact,4
emiss,4
continu,4
rise,4
higher,4
civil,4
million,4
yrs,4
precis,4
address,3
make,3
like,3
intern,3
show,3
],3
everyon,3
leader,3
stori,3
oil,3
eu,3
presid,3
well,3
result,3
day,3
littl,3
ambient,3
year,3
news,3
take,3
amp,3
rollback,2
real,2
us,2
heat,2
wave,2
doesnt,2
rich,2
must,2
tackl,2
via,2
matter,2
noth,2
peopl,2
compani,2
[,2
affect,2
fight,2
green,2
across,2
reduc,2
refineri,2
close,2
fuel,2
anunad,2
activist,2
written,2
open,2
world,2
urg,2
treat,2
ecolog,2
emerg,2
crisisthey,2
pleas,2
httpstcozygpqvdufacetheclimateemerg,2
planet,2
biodivers,2
wast,2
come,2
existenti,2
threat,2
honor,2
elect,2
deliv,2
httpstcoyluhsklux,2
hand,2
be,2
climateemerg,2
what,2
methan,2
also,2
held,2
solv,2
young,2
respons,2
report,2
data,2
even,2
good,2
least,2
effect,2
cool,2
death,2
street,2
facebook,2
want,2
mark,2
would,2
siberia,2
enough,2
week,1
case,1
miss,1
dive,1
roll,1
polici,1
app,1
happen,1
httpstcohpbfawk,1
citi,1
experienc,1
occur,1
half,1
centuri,1
ago,1
extrem,1
event,1
storm,1
drought,1
wors,1
httpstcoxpdvsnt,1
g,1
power,1
state,1
ensur,1
covid,1
recoveri,1
measur,1
poverti,1
amnesti,1
httpstcoffpexini,1
greatest,1
disasterfilm,1
franchis,1
hot,1
releas,1
star,1
dioxid,1
cowritten,1
sciencescreenplay,1
ipcc_chdirect,1
greenhous,1
effectproduc,1
burn,1
fossil,1
fuelsstudio,1
nasa,1
httpstcoplkaoruenf,1
soft_cantaloup,1
tbh,1
straight,1
tiktok,1
sixpack,1
girlfriend,1
fetish,1
wlw,1
thirst,1
instagram,1
pic,1
hasnt,1
spoken,1
anyth,1
actual,1
pride,1
blm,1
brainless,1
think,1
boomyoung,1
stand,1
indirect,1
fund,1
refus,1
buy,1
samsung,1
product,1
affili,1
commit,1
financ,1
adani,1
coal,1
projectactonclim,1
keepitintheground,1
httpstconadzdjhb,1
deliber,1
intent,1
advoc,1
activ,1
increas,1
emissionssustyfriday,1
httpstcojttshgt,1
hear,1
whos,1
impact,1
motiv,1
share,1
add,1
voic,1
httpstcokqimwzerz,1
drsextongreen,1
hi,1
europ,1
embrac,1
high,1
speed,1
rail,1
mani,1
tool,1
combat,1
air,1
car,1
travel,1
havent,1
british,1
strateg,1
target,1
promot,1
electricvehicl,1
shut,1
bunker,1
ship,1
petroleum,1
techi,1
former,1
life,1
three,1
replac,1
gas,1
sing,1
httpstconusszbjink,1
sign,1
httpstcoyouqqwcmkc,1
khayho,1
way,1
overst,1
histori,1
seem,1
possibl,1
overus,1
hyperbol,1
goe,1
els,1
sdgs,1
arctic,1
wef,1
rt,1
tveitdal,1
cc,1
tantriclen,1
httpstcoufbaqhrzp,1
religi,1
cult,1
mask,1
pretti,1
much,1
control,1
forc,1
within,1
drive,1
everythingso,1
ahead,1
wear,1
cloth,1
mouth,1
leav,1
alon,1
amberheard,1
climatestrik,1
clima,1
climateact,1
climatestrikeonlin,1
climateactionnow,1
climateactionl,1
climatepledg,1
climatebrawl,1
climatejustic,1
climatecuri,1
climatebreakdown,1
whopper,1
wrote,1
burgerk,1
ad,1
campaign,1
clear,1
exampl,1
greenwash,1
climconsci,1
medium,1
environ,1
httpstcowpavpuoyo,1
matthewnewel,1
dancadi,1
jcisal,1
reuter,1
receiv,1
numer,1
award,1
nomin,1
nobel,1
peac,1
prize,1
inspir,1
largest,1
strike,1
historygreta,1
thunberg,1
unit,1
nation,1
summit,1
testifi,1
congress,1
reach,1
lawmak,1
jeffisrael,1
radic,1
toward,1
put,1
children,1
cage,1
sole,1
base,1
color,1
skin,1
london,1
join,1
terror,1
organis,1
howev,1
sweden,1
expert,1
depth,1
scientif,1
knowledg,1
superior,1
compost,1
wish,1
here,1
latest,1
degre,1
nhprs,1
project,1
follow,1
nhprclimat,1
httpstcocruzgvc,1
httpstcojbycvpsfc,1
bad,1
cut,1
ghg,1
emisss,1
trajectori,1
give,1
bit,1
guidanc,1
anticip,1
adapt,1
react,1
appropri,1
minim,1
move,1
forward,1
billi,1
sweet,1
noaa,1
johnhultquist,1
that,1
end,1
thank,1
ilmastotutkijoiden,1
kirj,1
eupttjill,1
tarvittavat,1
muutokset,1
elinkelpoisen,1
maailman,1
turvaamiseksi,1
voivat,1
kuulostaa,1
eprealistiselta,1
eprealistisempaa,1
kuitenkin,1
olisi,1
yritt,1
selvit,1
maailmassa,1
jos,1
jatkamm,1
kuten,1
thn,1
asti,1
ilmasto,1
luonto,1
httpstcodiddycof,1
ratifi,1
kigali,1
amend,1
phase,1
hfcs,1
system,1
lowhang,1
fruit,1
step,1
could,1
rein,1
support,1
democrat,1
republican,1
industri,1
baffl,1
arent,1
httpstcofstxedwi,1
chomskyisba,1
ltcolkep,1
ilhanmn,1
froze,1
summer,1
right,1
believ,1
warm,1
mayb,1
less,1
freez,1
urgenc,1
never,1
greaterw,1
joebiden,1
httpstcoumvmseca,1
explor,1
caus,1
damag,1
biolog,1
niger,1
delta,1
loos,1
tree,1
larg,1
addit,1
serious,1
health,1
challeng,1
govern,1
trump,1
isnt,1
pass,1
spread,1
disinform,1
factcheck,1
loophol,1
allow,1
blatant,1
lie,1
senatorcarp,1
senwhitehous,1
senbrianschatz,1
zuckerberg,1
httpstcoesract,1
awesom,1
progress,1
httpstcozwgumdr,1
abc,1
consist,1
cover,1
network,1
per,1
mmfa,1
great,1
look,1
niemanreport,1
poynter,1
friday,1
night,1
pm,1
most,1
posit,1
duck,1
virus,1
stuck,1
apart,1
finger,1
muradsaeedsharamkaro,1
zartajgul,1
falakshabir,1
beebomm,1
pmmodileadingtheworld,1
gloriousyearsofbb,1
sexi,1
httpstcoylcwvtpsr,1
swear,1
generat,1
all,1
nothin,1
mop,1
tf,1
imma,1
teach,1
lesson,1
biotch,1
heatwav,1
terrifi,1
melt,1
ice,1
permafrost,1
belch,1
wildfir,1
gt,1
mile,1
temperatur,1
past,1
six,1
month,1
imposs,1
without,1
influencehttpstcoawjbhfqa,1
ecologicalcrim,1
see,1
recongnizejoin,1
june,1
th,1
solidar,1
polit,1
httpstcoolitcdht,1
httpstcosdhvebsfv,1
kid,1
afflict,1
wrong,1
genitalskid,1
lectur,1
sciencebut,1
yearold,1
shamima,1
ran,1
isi,1
despit,1
precious,1
remorseright,1
